{
  "version": 1,
  "author": "Gayu Gayathri",
  "editor": "wokwi",
  "parts": [
    { "type": "wokwi-arduino-uno", "id": "uno", "top": 192.6, "left": -39, "attrs": {} },
    {
      "type": "wokwi-max7219-matrix",
      "id": "matrix1",
      "top": -37.8,
      "left": -98.16,
      "attrs": { "chain": "4" }
    },
    { "type": "wokwi-dht22", "id": "dht1", "top": 230.7, "left": -312.6, "attrs": {} },
    { "type": "wokwi-ds1307", "id": "rtc1", "top": 234.6, "left": 393.7, "attrs": {} }
  ],
  "connections": [
    [ "matrix1:GND", "uno:GND.2", "black", [ "h48", "v432", "h-153.6" ] ],
    [ "matrix1:DIN", "uno:11", "orange", [ "h28.8", "v163.2", "h-163.2" ] ],
    [ "matrix1:CS", "uno:10", "blue", [ "h9.6", "v134.4", "h-134.4" ] ],
    [ "matrix1:CLK", "uno:13", "green", [ "h0", "v115.2", "h-153.6" ] ],
    [ "dht1:VCC", "uno:5V", "red", [ "v86.4", "h422.4" ] ],
    [ "matrix1:V+", "uno:5V", "red", [ "h67.2", "v451.2", "h-182.4" ] ],
    [ "dht1:GND", "uno:GND.2", "black", [ "v105.6", "h403.2" ] ],
    [ "dht1:SDA", "uno:2", "orange", [ "v67.2", "h220.9", "v-336", "h268.8" ] ],
    [ "rtc1:GND", "uno:GND.2", "black", [ "h-76.8", "v201.6", "h-201.6" ] ],
    [ "rtc1:5V", "uno:5V", "red", [ "h-57.6", "v172.4", "h-220.8" ] ],
    [ "rtc1:SCL", "uno:A4", "green", [ "h-19.2", "v134.2", "h-182.4" ] ],
    [ "rtc1:SQW", "uno:A5", "orange", [ "h-9.6", "v114.6", "h-172.8" ] ]
  ],
  "dependencies": {}
}