{
  "version": 1,
  "author": "Gayu Gayathri",
  "editor": "wokwi",
  "parts": [
    { "type": "board-esp32-devkit-c-v4", "id": "esp", "top": 0, "left": 0, "attrs": {} },
    { "type": "wokwi-photoresistor-sensor", "id": "ldr1", "top": 32, "left": -229.6, "attrs": {} },
    { "type": "wokwi-relay-module", "id": "relay1", "top": 86.6, "left": 144, "attrs": {} },
    { "type": "wokwi-led", "id": "led1", "top": -3.6, "left": 243.8, "attrs": { "color": "red" } }
  ],
  "connections": [
    [ "esp:TX", "$serialMonitor:RX", "", [] ],
    [ "esp:RX", "$serialMonitor:TX", "", [] ],
    [ "led1:C", "relay1:COM", "black", [ "v38.4", "h29.2", "v38.4" ] ],
    [ "esp:GND.2", "relay1:NO", "black", [ "v-86.4", "h225.64", "v182.4" ] ],
    [ "esp:5V", "led1:A", "red", [ "h-43.01", "v38.4", "h336", "v-201.6" ] ],
    [ "relay1:VCC", "esp:5V", "red", [ "h-19.2", "v115.2", "h-134.4" ] ],
    [ "relay1:GND", "esp:GND.2", "black", [ "h-19.2", "v-86.8" ] ],
    [ "ldr1:VCC", "esp:5V", "red", [ "h9.6", "v153.6" ] ],
    [ "ldr1:GND", "esp:GND.1", "black", [ "h48", "v95.6" ] ],
    [ "ldr1:AO", "esp:VP", "green", [ "h28.8", "v-0.7" ] ],
    [ "relay1:IN", "esp:23", "green", [ "h-28.8", "v-0.2" ] ]
  ],
  "dependencies": {}
}